{
  "mode": "hybrid",
  "precision": 0.03127659574468085,
  "recall": 0.30000000000000004,
  "f1_score": 0.05664739884393064,
  "ndcg": 0.02223020434227331,
  "mrr": 0.115625,
  "avg_latency_ms": 25,
  "test_cases": [
    {
      "test_id": "hybrid_keyword_semantic_0",
      "query": "exercise",
      "expected_ids": [
        "3bd86fae-bf35-44ab-a840-62ba98d80cbe",
        "0e0efc0e-a3a7-4fdf-a712-e90aad31bdc1",
        "1e5c7679-eb3b-41a2-9a35-0e0066bf5359",
        "c9699f21-6788-455c-a694-63d00d9a7ec2",
        "00fd8694-dd20-4b8b-b3e4-50fe643db9aa"
      ],
      "actual_ids": [
        "3555c2f9-7412-4077-a12d-19cfaf1409a6",
        "2eabb453-58e4-49f6-ac34-70e47aacf6c8",
        "a625e5cc-5b1d-4714-a769-a985a2e2b0e2",
        "9220b908-4b3a-4c6d-a6fc-c4d6a3312386",
        "1e5c7679-eb3b-41a2-9a35-0e0066bf5359",
        "41129dc2-4fc1-4fd7-80ce-220b654518ff",
        "560c0f1b-79b1-47bb-8c7b-7994a3a877a4",
        "5e3641bc-b141-4f74-89fe-2c6dd8af180d",
        "8020b1d9-5dd4-4842-b435-0bf61f31b6a8",
        "38f01af6-e932-4fa0-adfb-af5baeb7b302",
        "3d250313-abe5-4911-8560-73252316af7e",
        "5fa25707-9c5c-42fe-9d80-595c6eeb09fe",
        "bf8267cf-d814-4d33-9bd8-211aef664ba2",
        "d84b2016-2c30-4ab7-825f-8fe17fac1d06",
        "db0358b2-8ce3-4c60-8b3f-ec1989d3f358",
        "1e130fe9-86ed-4663-9ef1-8e8b4d7bdb17",
        "9d7b3e9a-0724-4ef0-85b7-0adfa0f1714b",
        "e2188799-d654-46a9-9fe8-3fb297f009f2",
        "3666fe8e-cfca-45c7-8207-b12f1f7a6987",
        "a705275e-3cb4-4348-bd66-dfa1288c1f13",
        "64ae41f6-398d-4dc9-9a1d-178995395db4",
        "0759b174-7edd-4e69-9fc1-7a1b5dfce848",
        "81519776-edaf-4b3b-90b5-54527388d2b3",
        "cfff3da7-ebaf-4db2-9ad6-42d7bcd8a654",
        "5896a4f5-4265-4db1-a681-eb1c33f6ee97",
        "b6254994-7915-43fc-9c9f-c949dc89567a",
        "d55fe2ce-7838-4726-a3a4-9635a09586b6",
        "6d00b9b3-8ef3-4d5b-a25a-a1bb65f0aba2",
        "e2d6a11c-463c-48a9-b8cf-2f23615b73bc",
        "9a183c12-0e33-443a-887b-59875aa54a05",
        "70793b6f-3cc7-4f57-9105-9461a60cfe92",
        "ba06354c-2445-4858-a3c1-975c15715f28",
        "c9a50f77-3f34-4cf3-86a5-cfbbbb5821ba",
        "7a2d69ba-233f-4532-839d-5f48936c7be4",
        "51c29189-4fd3-48c4-b9de-1ca468894ed5",
        "9f79efc7-e8bc-414f-8c0e-2c8ed7a46d8a",
        "15ccc3d9-1fee-4643-886a-81c4babbaf22",
        "a5cad1fa-7dce-414e-8288-b6b58d9e1e93",
        "248051d9-e23d-4e5d-ac2b-7175830c5191",
        "b6184fb1-de87-428a-88d1-68761956ad94",
        "65e2eb8f-ebbe-4167-ba69-e44f90afa7fd",
        "9c633ade-895a-4c71-a160-4eb775af2766",
        "f75d0848-46ce-4566-b52f-7d00388c3989",
        "45de0cd8-5b8a-453b-b101-59fa06d99b5d",
        "3bd86fae-bf35-44ab-a840-62ba98d80cbe",
        "28c45033-0616-4ceb-a6fa-1d2f4b849164",
        "d9f1b80a-9146-4d66-b545-8f22ced25bfb"
      ],
      "precision": 0.0425531914893617,
      "recall": 0.4,
      "latency_ms": 23336542
    },
    {
      "test_id": "hybrid_keyword_semantic_2",
      "query": "journey",
      "expected_ids": [
        "32b16b4a-490c-423f-a415-105deef5948a",
        "07cbca01-ad49-4227-95a8-d2d8a51b0cfa",
        "0e0efc0e-a3a7-4fdf-a712-e90aad31bdc1",
        "1e5c7679-eb3b-41a2-9a35-0e0066bf5359",
        "262796bb-90e1-46e5-9ff5-ebd1a9d087e9"
      ],
      "actual_ids": [
        "d71d5fbf-cbc2-4637-9c14-52ceaff893a8",
        "87ab8cb9-3db8-48b2-9bb4-7a4ecf795950",
        "7f00ae86-64af-48f4-8efb-04a5d9a080fa",
        "c67c1f5f-3408-4b6c-a2a7-1e47a21a2428",
        "4692ae3e-db0b-4701-ab53-38d3c7faff57",
        "f5d5d176-a702-4806-9d5d-95d80d1f3b8b",
        "0e3db8cb-9452-4ef1-a578-87f3223f086b",
        "3a17c18f-3c76-4e97-a11e-96c5605997da",
        "45e1b733-ca13-4bef-849a-3dfe4df99135",
        "b83919c5-45df-4c9f-ab53-2192cf918c8d",
        "8020b1d9-5dd4-4842-b435-0bf61f31b6a8",
        "c9c995aa-c48b-4af5-853f-5faae56405df",
        "2d392302-10ea-4e37-bc7f-4e59edca2bb7",
        "41129dc2-4fc1-4fd7-80ce-220b654518ff",
        "a2d14b82-d0e3-41fc-86e8-b4f773cfbe2c",
        "5e3641bc-b141-4f74-89fe-2c6dd8af180d",
        "6154a392-a23f-4b4d-9e3c-ed1e24544b09",
        "3d250313-abe5-4911-8560-73252316af7e",
        "a343c702-7506-4eb1-9286-2c005a8b10c4",
        "bf8267cf-d814-4d33-9bd8-211aef664ba2",
        "7280de1f-62d2-47d0-ab0c-a065948e0e9a",
        "8b7801c6-1cea-4488-b1f1-9d891038e8a6",
        "72169fc8-f664-4c90-9267-9d8c869a2396",
        "9d7b3e9a-0724-4ef0-85b7-0adfa0f1714b",
        "4b5f401a-3327-4eaf-9aae-895dd046e976",
        "3dc1d235-1184-4f6d-b916-b3230d3c2533",
        "1e130fe9-86ed-4663-9ef1-8e8b4d7bdb17",
        "52b004f2-7bc3-4b5b-9375-efeb406d89df",
        "3666fe8e-cfca-45c7-8207-b12f1f7a6987",
        "b375a0a5-6675-4c97-876b-5a5916657787",
        "a705275e-3cb4-4348-bd66-dfa1288c1f13",
        "1e5c7679-eb3b-41a2-9a35-0e0066bf5359",
        "0759b174-7edd-4e69-9fc1-7a1b5dfce848",
        "f2acee53-721d-4b1b-948d-f1466c81a9b0",
        "b6254994-7915-43fc-9c9f-c949dc89567a",
        "8f7e00d0-0d21-434b-9bd6-bb20b047bb3d",
        "9a183c12-0e33-443a-887b-59875aa54a05",
        "5896a4f5-4265-4db1-a681-eb1c33f6ee97",
        "5251831e-fbd8-45c3-8d71-9a35fcb8f3eb",
        "e2d6a11c-463c-48a9-b8cf-2f23615b73bc",
        "df7bd8de-6fd9-427a-8638-1eba7274806e",
        "81519776-edaf-4b3b-90b5-54527388d2b3",
        "367636b1-2cb6-49ab-9791-b41c3da943a3",
        "d55fe2ce-7838-4726-a3a4-9635a09586b6",
        "15ccc3d9-1fee-4643-886a-81c4babbaf22",
        "9b0146d5-9438-4416-8aad-90115c8f4e0e",
        "ba06354c-2445-4858-a3c1-975c15715f28",
        "14305eef-cbb3-46d6-bcb2-08a4f913686a",
        "7a2d69ba-233f-4532-839d-5f48936c7be4",
        "e049f420-a17c-48e5-aefb-7a09a0a2857f"
      ],
      "precision": 0.02,
      "recall": 0.2,
      "latency_ms": 27820541
    },
    {
      "test_id": "hybrid_natural_0",
      "query": "How can I improve my productivity while working from home?",
      "expected_ids": [
        "3bd86fae-bf35-44ab-a840-62ba98d80cbe",
        "0e0efc0e-a3a7-4fdf-a712-e90aad31bdc1",
        "c9699f21-6788-455c-a694-63d00d9a7ec2",
        "00fd8694-dd20-4b8b-b3e4-50fe643db9aa",
        "26c18577-9a13-4532-a097-b4c3cb10a1d0"
      ],
      "actual_ids": [
        "8020b1d9-5dd4-4842-b435-0bf61f31b6a8",
        "41129dc2-4fc1-4fd7-80ce-220b654518ff",
        "5e3641bc-b141-4f74-89fe-2c6dd8af180d",
        "bf8267cf-d814-4d33-9bd8-211aef664ba2",
        "3d250313-abe5-4911-8560-73252316af7e",
        "1e130fe9-86ed-4663-9ef1-8e8b4d7bdb17",
        "0759b174-7edd-4e69-9fc1-7a1b5dfce848",
        "b6254994-7915-43fc-9c9f-c949dc89567a",
        "a705275e-3cb4-4348-bd66-dfa1288c1f13",
        "5896a4f5-4265-4db1-a681-eb1c33f6ee97",
        "9a183c12-0e33-443a-887b-59875aa54a05",
        "ba06354c-2445-4858-a3c1-975c15715f28",
        "e2d6a11c-463c-48a9-b8cf-2f23615b73bc",
        "15ccc3d9-1fee-4643-886a-81c4babbaf22",
        "3666fe8e-cfca-45c7-8207-b12f1f7a6987",
        "81519776-edaf-4b3b-90b5-54527388d2b3",
        "c9a50f77-3f34-4cf3-86a5-cfbbbb5821ba",
        "d55fe2ce-7838-4726-a3a4-9635a09586b6",
        "9f79efc7-e8bc-414f-8c0e-2c8ed7a46d8a",
        "7a2d69ba-233f-4532-839d-5f48936c7be4",
        "9d7b3e9a-0724-4ef0-85b7-0adfa0f1714b",
        "b6184fb1-de87-428a-88d1-68761956ad94"
      ],
      "precision": 0,
      "recall": 0,
      "latency_ms": 28506166
    },
    {
      "test_id": "hybrid_natural_1",
      "query": "Tell me about recent technology innovations",
      "expected_ids": [
        "d6a051d2-30ef-4f46-8b84-6be1ae48cebc",
        "45a08226-885a-4e8f-8861-64ba70a6997d",
        "a2d14b82-d0e3-41fc-86e8-b4f773cfbe2c",
        "e5174b1c-5f0d-4446-8cbc-146d00cfa6fb",
        "5800401b-02ee-4f95-bf42-8655385bd714"
      ],