{
  "mode": "hybrid",
  "precision": 0.035160575858250276,
  "recall": 0.30000000000000004,
  "f1_score": 0.06294399471336527,
  "ndcg": 0.2664576802507837,
  "mrr": 1,
  "avg_latency_ms": 22,
  "test_cases": [
    {
      "test_id": "hybrid_keyword_semantic_0",
      "query": "fitness",
      "expected_ids": [
        "389e6ea0-1932-4005-9d56-36885189d3c8",
        "7923c503-f796-4fba-8369-966c1d10305e",
        "5fa25707-9c5c-42fe-9d80-595c6eeb09fe",
        "e2a0c58c-0f5c-4e5c-bfd4-2649956a8b0d",
        "cacfc408-52bf-4da8-93ff-5d99d452f32d"
      ],
      "actual_ids": [
        "389e6ea0-1932-4005-9d56-36885189d3c8",
        "0f6e1dc6-44c5-42b0-bc9b-0403ed5c0f2f",
        "14d22e4f-3d2e-48e5-b32c-8e6d900d7cff",
        "eafba2d4-a7ee-4db6-b630-b42ed8ff1e51",
        "934de77a-5f55-4978-b226-5b4c1191ec9f",
        "41129dc2-4fc1-4fd7-80ce-220b654518ff",
        "5e3641bc-b141-4f74-89fe-2c6dd8af180d",
        "dcab6fb9-30af-4962-9b5a-a7107bf4e100",
        "8020b1d9-5dd4-4842-b435-0bf61f31b6a8",
        "bf8267cf-d814-4d33-9bd8-211aef664ba2",
        "5fa25707-9c5c-42fe-9d80-595c6eeb09fe",
        "3d250313-abe5-4911-8560-73252316af7e",
        "8c718324-01f9-4da9-b95f-ae622d6c5ffc",
        "3666fe8e-cfca-45c7-8207-b12f1f7a6987",
        "32a30f7c-db16-4067-9636-1dc150fe60ff",
        "1e130fe9-86ed-4663-9ef1-8e8b4d7bdb17",
        "9d7b3e9a-0724-4ef0-85b7-0adfa0f1714b",
        "57a76935-f288-4f7f-a6b5-ba58eb3aa29a",
        "a705275e-3cb4-4348-bd66-dfa1288c1f13",
        "0759b174-7edd-4e69-9fc1-7a1b5dfce848",
        "51c29189-4fd3-48c4-b9de-1ca468894ed5",
        "5896a4f5-4265-4db1-a681-eb1c33f6ee97",
        "b6254994-7915-43fc-9c9f-c949dc89567a",
        "81519776-edaf-4b3b-90b5-54527388d2b3",
        "db64c781-f94a-45eb-9ec6-1ac87d6e0d20",
        "e2d6a11c-463c-48a9-b8cf-2f23615b73bc",
        "d55fe2ce-7838-4726-a3a4-9635a09586b6",
        "9a183c12-0e33-443a-887b-59875aa54a05",
        "62e21e14-49f8-4e62-b441-c5691bee513f",
        "ba06354c-2445-4858-a3c1-975c15715f28",
        "15ccc3d9-1fee-4643-886a-81c4babbaf22",
        "7a2d69ba-233f-4532-839d-5f48936c7be4",
        "b14eead4-cfb8-4435-afa5-698b0dfeb461",
        "9f79efc7-e8bc-414f-8c0e-2c8ed7a46d8a",
        "c9a50f77-3f34-4cf3-86a5-cfbbbb5821ba",
        "5b280425-2c03-4f10-8b07-e350b519aa16",
        "b6184fb1-de87-428a-88d1-68761956ad94",
        "abbae92e-70dc-4551-a1d2-acb74cdd54ff",
        "edc3aa2c-ec2a-4f21-acd9-4780d835e5e2",
        "fa88ce6b-be92-4aa9-9cee-7162eba1b5b5",
        "41799c0f-1cc3-4194-9659-1a086ccb6d8b",
        "bbeab8f6-819d-46bc-bbee-5d70d8f37eae",
        "a582a0b3-91ea-451a-b011-94ed628cc216"
      ],
      "precision": 0.046511627906976744,
      "recall": 0.4,
      "latency_ms": 21664709
    },
    {
      "test_id": "hybrid_keyword_semantic_2",
      "query": "digital",
      "expected_ids": [
        "389e6ea0-1932-4005-9d56-36885189d3c8",
        "7923c503-f796-4fba-8369-966c1d10305e",
        "d3a4a32d-674e-4b02-a298-3c34857177c0",
        "e2a0c58c-0f5c-4e5c-bfd4-2649956a8b0d",
        "367636b1-2cb6-49ab-9791-b41c3da943a3"
      ],
      "actual_ids": [
        "7923c503-f796-4fba-8369-966c1d10305e",
        "2d392302-10ea-4e37-bc7f-4e59edca2bb7",
        "e23f38db-b208-4c73-81ea-db1b2f79c11d",
        "e62c5c95-00d0-4687-9c45-7029bbfc4724",
        "41129dc2-4fc1-4fd7-80ce-220b654518ff",
        "783dab6c-45ef-4bea-8375-bddcc69bd3ce",
        "5e3641bc-b141-4f74-89fe-2c6dd8af180d",
        "8020b1d9-5dd4-4842-b435-0bf61f31b6a8",
        "3d250313-abe5-4911-8560-73252316af7e",
        "93195a47-9794-4cce-95ea-ae03ec1e92b6",
        "bf8267cf-d814-4d33-9bd8-211aef664ba2",
        "3c0b795d-a9c7-4b79-be97-5f26c1e91c92",
        "248051d9-e23d-4e5d-ac2b-7175830c5191",
        "1e130fe9-86ed-4663-9ef1-8e8b4d7bdb17",
        "3666fe8e-cfca-45c7-8207-b12f1f7a6987",
        "9d7b3e9a-0724-4ef0-85b7-0adfa0f1714b",
        "d2b3f762-f3cc-44e1-9af4-fbaecf3fa416",
        "15ccc3d9-1fee-4643-886a-81c4babbaf22",
        "fe2132ca-b3b4-485f-8487-3c43d0fd0f1d",
        "a705275e-3cb4-4348-bd66-dfa1288c1f13",
        "0759b174-7edd-4e69-9fc1-7a1b5dfce848",
        "5896a4f5-4265-4db1-a681-eb1c33f6ee97",
        "8d218c29-e031-4f3f-9d65-4d362536fb6d",
        "b6254994-7915-43fc-9c9f-c949dc89567a",
        "9a183c12-0e33-443a-887b-59875aa54a05",
        "81519776-edaf-4b3b-90b5-54527388d2b3",
        "e2d6a11c-463c-48a9-b8cf-2f23615b73bc",
        "4769d531-cdb6-4ea2-8d65-014fbd9716ef",
        "d55fe2ce-7838-4726-a3a4-9635a09586b6",
        "ba06354c-2445-4858-a3c1-975c15715f28",
        "5b280425-2c03-4f10-8b07-e350b519aa16",
        "9f79efc7-e8bc-414f-8c0e-2c8ed7a46d8a",
        "c9a50f77-3f34-4cf3-86a5-cfbbbb5821ba",
        "7a2d69ba-233f-4532-839d-5f48936c7be4",
        "f780d53d-981d-41dd-b94f-6ba458baa03f",
        "b6184fb1-de87-428a-88d1-68761956ad94",
        "7af91257-e394-45d2-a532-53fffdec2248",
        "98b5d39e-ccf2-4ddd-a84e-196d3c644e39",
        "2401d66e-9e2a-4c1a-8d46-3a5a9b6804c2",
        "e97e170a-f699-4f0f-9168-532342a1fe9e",
        "96a76339-3c53-4938-a568-cddf0a701118",
        "7d0f5e80-d276-4593-9a14-1cf2fc7deb34"
      ],
      "precision": 0.023809523809523808,
      "recall": 0.2,
      "latency_ms": 23640500
    },
    {
      "test_id": "hybrid_natural_0",
      "query": "How can I improve my productivity while working from home?",
      "expected_ids": [
        "389e6ea0-1932-4005-9d56-36885189d3c8",
        "7923c503-f796-4fba-8369-966c1d10305e",
        "e2a0c58c-0f5c-4e5c-bfd4-2649956a8b0d",
        "367636b1-2cb6-49ab-9791-b41c3da943a3",
        "f780d53d-981d-41dd-b94f-6ba458baa03f"
      ],
      "actual_ids": [
        "8020b1d9-5dd4-4842-b435-0bf61f31b6a8",
        "41129dc2-4fc1-4fd7-80ce-220b654518ff",
        "5e3641bc-b141-4f74-89fe-2c6dd8af180d",
        "bf8267cf-d814-4d33-9bd8-211aef664ba2",
        "3d250313-abe5-4911-8560-73252316af7e",
        "1e130fe9-86ed-4663-9ef1-8e8b4d7bdb17",
        "0759b174-7edd-4e69-9fc1-7a1b5dfce848",
        "b6254994-7915-43fc-9c9f-c949dc89567a",
        "a705275e-3cb4-4348-bd66-dfa1288c1f13",
        "5896a4f5-4265-4db1-a681-eb1c33f6ee97",
        "9a183c12-0e33-443a-887b-59875aa54a05",
        "ba06354c-2445-4858-a3c1-975c15715f28",
        "e2d6a11c-463c-48a9-b8cf-2f23615b73bc",
        "15ccc3d9-1fee-4643-886a-81c4babbaf22",
        "3666fe8e-cfca-45c7-8207-b12f1f7a6987",
        "81519776-edaf-4b3b-90b5-54527388d2b3",
        "c9a50f77-3f34-4cf3-86a5-cfbbbb5821ba",
        "d55fe2ce-7838-4726-a3a4-9635a09586b6",
        "9f79efc7-e8bc-414f-8c0e-2c8ed7a46d8a",
        "7a2d69ba-233f-4532-839d-5f48936c7be4",
        "9d7b3e9a-0724-4ef0-85b7-0adfa0f1714b",
        "b6184fb1-de87-428a-88d1-68761956ad94"
      ],
      "precision": 0,
      "recall": 0,
      "latency_ms": 25920958
    },
    {
      "test_id": "hybrid_natural_1",
      "query": "Tell me about recent technology innovations",
      "expected_ids": [
        "7923c503-f796-4fba-8369-966c1d10305e",
        "d3a4a32d-674e-4b02-a298-3c34857177c0",
        "fe2132ca-b3b4-485f-8487-3c43d0fd0f1d",
        "cacfc408-52bf-4da8-93ff-5d99d452f32d",
        "f780d53d-981d-41dd-b94f-6ba458baa03f"
      ],